,City,Cloudiness,Country,Date,Humidity,Lat,Lng,Max_Temp,Wind_Speed
0,hobart,100,AU,1578088515,45,-42.88,147.33,71.01,9.17
1,hamada,3,JP,1578088764,49,34.9,132.08,51.01,7.72
2,saint-philippe,90,CA,1578088764,80,45.36,-73.48,42.01,4.92
3,mar del plata,98,AR,1578088764,28,-46.43,-67.52,80.64,34.02
4,dikson,70,RU,1578088764,95,73.51,80.55,-4.72,18.01
5,rikitea,100,PF,1578088764,77,-23.12,-134.97,79.43,9.75
6,luwuk,100,ID,1578088764,78,-0.95,122.79,80.96,5.84
7,mataura,99,NZ,1578088764,71,-46.19,168.86,51.01,18.99
8,caxito,75,BR,1578088764,83,-22.65,-42.51,78.8,9.17
9,bud,75,NO,1578088764,68,62.91,6.91,37.4,28.86
10,dingle,87,PH,1578088764,95,11.0,122.67,72.45,11.16
11,new norfolk,67,AU,1578088764,45,-42.78,147.06,71.01,9.17
12,ishigaki,20,JP,1578088764,88,24.34,124.16,62.6,3.36
13,aklavik,90,CA,1578088764,68,68.22,-135.01,-14.8,9.17
14,ponta do sol,92,BR,1578088764,78,-20.63,-46.0,76.98,1.95
15,butaritari,100,KI,1578088764,78,3.07,172.79,83.46,10.47
16,talnakh,75,RU,1578088765,84,69.49,88.39,-2.2,13.42
17,ushuaia,40,AR,1578088765,54,-54.81,-68.31,55.4,17.22
18,banposh,34,IN,1578088765,95,22.25,84.8,56.34,0.94
19,la ronge,90,CA,1578088765,72,55.1,-105.3,15.8,4.7
20,nikolskoye,75,RU,1578088765,86,59.7,30.79,41.0,11.18
21,port alfred,100,ZA,1578088765,94,-33.59,26.89,70.32,14.38
22,saint george,0,GR,1578088765,86,39.45,22.34,39.99,1.72
23,bredasdorp,12,ZA,1578088765,68,-34.53,20.04,68.0,3.36
24,atuona,9,PF,1578088765,76,-9.8,-139.03,80.35,18.25
25,severo-kurilsk,100,RU,1578088765,81,50.68,156.12,18.73,8.34
26,lagoa,20,PT,1578088765,66,37.14,-8.45,55.0,4.7
27,carnarvon,0,ZA,1578088765,29,-30.97,22.13,72.57,11.59
28,cartagena,96,ES,1578088765,100,37.63,-1.0,52.0,6.93
29,ust-kalmanka,100,RU,1578088765,94,52.12,83.31,24.55,9.82
30,shubarkuduk,79,KZ,1578088765,88,49.15,56.49,10.22,4.85
31,morgan city,90,US,1578088765,100,29.7,-91.21,60.8,3.36
32,kirovskiy,46,RU,1578088765,95,45.09,133.51,-6.75,2.91
33,teruel,90,ES,1578088765,80,40.34,-1.11,44.6,9.17
34,hermanus,4,ZA,1578088765,77,-34.42,19.24,68.0,1.01
35,petrolina,40,BR,1578088766,70,-9.38,-40.5,84.2,5.82
36,kavaratti,98,IN,1578088766,77,10.57,72.64,81.28,12.68
37,machico,20,PT,1578088766,63,32.7,-16.77,64.4,8.05
38,natal,40,BR,1578088751,78,-5.81,-35.21,82.4,10.29
39,vaini,45,IN,1578088766,76,15.34,74.49,63.27,2.39
40,kavieng,100,PG,1578088766,70,-2.57,150.8,84.42,3.4
41,tasiilaq,100,GL,1578088766,48,65.61,-37.64,17.6,23.04
42,ouricuri,99,BR,1578088766,77,-7.88,-40.08,78.35,3.06
43,cape town,20,ZA,1578088726,82,-33.93,18.42,68.0,14.99
44,athens,20,GR,1578088604,45,37.98,23.73,46.99,8.86
45,san patricio,0,PY,1578088816,34,-26.98,-56.83,90.57,8.63
46,yerbogachen,100,RU,1578088816,96,61.28,108.01,13.41,1.9
47,lovozero,68,RU,1578088816,86,68.01,35.02,28.54,11.16
48,torbay,75,CA,1578088816,86,47.66,-52.73,33.01,26.4
49,khatanga,100,RU,1578088816,98,71.98,102.47,-5.01,6.38
50,kodiak,90,US,1578088817,64,39.95,-94.76,45.0,14.99
51,esperance,40,AU,1578088817,87,-33.86,121.89,50.0,15.17
52,airai,100,TL,1578088817,92,-8.93,125.41,68.27,3.76
53,saint-leu,100,RE,1578088817,88,-21.15,55.28,75.2,3.36
54,huarmey,76,PE,1578088817,55,-10.07,-78.15,79.25,9.78
55,kapaa,75,US,1578088817,69,22.08,-159.32,78.8,19.46
56,vestmannaeyjar,35,IS,1578088817,67,63.44,-20.27,23.0,22.88
57,spasskoye,100,RU,1578088817,90,55.86,45.7,32.59,16.98
58,afsin,100,TR,1578088817,98,38.25,36.91,29.91,2.71
59,elat,0,CM,1578088817,88,2.91,11.16,71.6,2.08
60,yellowknife,75,CA,1578088571,84,62.45,-114.38,3.2,8.05
61,quepos,40,CR,1578088807,73,9.43,-84.16,80.6,3.36
62,punta arenas,40,CL,1578088817,41,-53.16,-70.91,59.0,13.87
63,sambava,100,MG,1578088817,98,-14.27,50.17,73.29,1.81
64,castro,75,CL,1578088817,59,-42.48,-73.76,66.2,12.75
65,gorontalo,100,ID,1578088817,94,0.54,123.06,73.74,4.25
66,lar,75,IR,1578088817,87,27.66,54.32,53.6,1.59
67,jamestown,4,AU,1578088818,72,-33.21,138.6,64.56,15.55
68,isla mujeres,40,MX,1578088803,74,21.23,-86.73,84.2,16.11
69,puerto ayora,75,EC,1578088818,69,-0.74,-90.35,80.6,11.41
70,coro,57,VE,1578088818,72,11.41,-69.67,80.65,15.57
71,hilo,1,US,1578088818,58,19.71,-155.08,82.4,6.93
72,iqaluit,75,CA,1578088818,84,63.75,-68.52,6.8,3.36
73,kalya,75,IN,1578088818,100,12.98,77.18,68.0,9.17
74,flinders,0,AU,1578088818,61,-34.58,150.85,82.4,9.26
75,orlik,90,PL,1578088818,100,53.95,17.74,39.2,11.41
76,hami,0,CN,1578088818,62,42.84,93.51,16.0,1.39
77,coihaique,20,CL,1578088818,45,-45.58,-72.07,64.4,10.29
78,podgorica,0,ME,1578088818,64,42.44,19.26,33.8,3.36
79,albany,90,US,1578088689,70,42.65,-73.75,45.0,3.36
80,adrar,100,DZ,1578088818,31,27.87,-0.29,48.2,11.41
81,georgetown,20,GY,1578088608,74,6.8,-58.16,82.4,6.93
82,north bend,1,US,1578088819,46,43.41,-124.22,61.0,13.87
83,starkville,90,US,1578088800,55,33.45,-88.82,60.8,4.18
84,hithadhoo,0,MV,1578088819,68,-0.6,73.08,82.99,5.37
85,nhulunbuy,100,AU,1578088819,74,-12.18,136.78,84.2,1.12
86,barrow,0,AR,1578088819,31,-38.31,-60.23,85.75,12.5
87,camacha,20,PT,1578088819,67,33.08,-16.33,64.4,8.05
88,biltine,0,TD,1578088819,29,14.53,20.93,62.44,18.07
89,atar,100,MR,1578088819,16,20.52,-13.05,59.41,11.95
90,nosy varika,100,MG,1578088819,90,-20.58,48.53,76.68,6.4
91,vavoua,3,CI,1578088819,23,7.38,-6.48,73.54,2.28
92,charqueadas,40,BR,1578088869,57,-29.96,-51.62,78.8,17.22
93,haines junction,100,CA,1578088869,99,60.75,-137.51,-6.2,6.46
94,letka,0,BA,1578088869,79,43.74,17.27,28.4,3.36
95,college,40,US,1578088869,67,64.86,-147.8,-5.01,3.74
96,taltal,0,CL,1578088869,70,-25.41,-70.49,65.41,8.41
97,busselton,0,AU,1578088805,51,-33.64,115.35,46.0,8.77
98,faanui,54,PF,1578088869,80,-16.48,-151.75,81.37,12.93
99,kandrian,100,PG,1578088870,95,-6.21,149.55,74.61,2.66
100,soyo,100,AO,1578088870,88,-6.13,12.37,78.06,3.89
101,bluff,30,AU,1578088870,75,-23.58,149.07,72.28,10.8
102,krasnovishersk,100,RU,1578088870,97,60.4,57.08,30.52,11.21
103,bonthe,96,SL,1578088870,69,7.53,-12.5,78.31,5.28
104,koslan,100,RU,1578088870,97,63.46,48.9,33.42,12.71
105,varberg,64,SE,1578088870,80,57.11,12.25,43.0,20.8
106,dunedin,49,NZ,1578088870,52,-45.87,170.5,54.0,38.01
107,tiksi,97,RU,1578088870,80,71.64,128.87,-19.19,5.5
108,los andes,0,CL,1578088870,37,-32.83,-70.6,84.2,21.92
109,virtsu,77,EE,1578088870,71,58.57,23.51,39.99,8.05
110,vilhena,40,BR,1578088870,74,-12.74,-60.15,78.8,10.29
111,trinidad,75,BO,1578088810,74,-14.83,-64.9,86.0,0.72
112,strenci,100,LV,1578088870,97,57.63,25.69,36.0,7.0
113,ahipara,100,NZ,1578088870,71,-35.17,173.16,63.12,21.77
114,leningradskiy,0,RU,1578088871,76,69.38,178.42,-7.65,13.8
115,coquimbo,75,CL,1578088871,72,-29.95,-71.34,62.6,11.41
116,ilulissat,40,GL,1578088871,52,69.22,-51.1,17.6,5.82
117,birin,100,NP,1578088871,95,26.89,88.07,40.95,2.48
118,cherskiy,63,RU,1578088871,67,68.75,161.3,1.56,11.45
119,ginir,23,ET,1578088871,78,7.14,40.71,59.45,4.94
120,east london,100,ZA,1578088871,94,-33.02,27.91,73.45,15.01
121,srednekolymsk,0,RU,1578088871,78,67.46,153.71,-2.07,2.71
122,burnie,100,AU,1578088871,74,-41.05,145.91,68.0,5.01
123,volot,100,RU,1578088871,84,57.93,30.71,38.03,13.8
124,rincon,40,PA,1578088871,70,8.46,-82.28,86.0,9.17
125,sao filipe,85,CV,1578088871,73,14.9,-24.5,71.44,13.04
126,cockburn town,1,TC,1578088871,82,21.46,-71.14,78.31,17.27
127,point pedro,7,LK,1578088871,82,9.82,80.23,80.6,13.8
128,plainview,1,US,1578088871,36,34.18,-101.71,52.0,10.29
129,tautira,75,PF,1578088872,70,-17.73,-149.15,86.0,21.92
130,arraial do cabo,75,BR,1578088872,94,-22.97,-42.02,78.8,12.75
131,hudson bay,53,CA,1578088872,87,52.86,-102.4,15.8,6.44
132,castro verde,78,PT,1578088872,76,37.7,-8.08,52.0,5.82
133,clyde river,5,CA,1578088872,66,70.47,-68.59,-29.2,13.87
134,shiyan,2,CN,1578088872,63,32.65,110.78,37.29,1.68
135,knysna,43,ZA,1578088922,93,-34.04,23.05,66.2,3.36
136,narsaq,100,GL,1578088922,31,60.91,-46.05,35.6,43.62
137,kahului,40,US,1578088922,74,20.89,-156.47,78.8,16.11
138,rawson,40,AR,1578088922,23,-43.3,-65.11,98.6,17.22
139,namibe,100,AO,1578088922,94,-15.19,12.15,72.03,5.59
140,kendari,100,ID,1578088922,96,-3.99,122.52,74.86,0.94
141,qaanaaq,100,GL,1578088922,97,77.48,-69.36,-40.18,7.56
142,kangaba,36,ML,1578088923,14,11.94,-8.41,66.78,6.06
143,dicabisagan,83,PH,1578088923,87,17.08,122.42,73.11,10.56
144,chokurdakh,24,RU,1578088923,97,70.62,147.9,-17.64,4.85
145,souillac,90,FR,1578088923,93,45.6,-0.6,51.01,3.36
146,badou,0,TG,1578088923,28,7.58,0.61,71.19,2.51
147,nanortalik,100,GL,1578088923,61,60.14,-45.24,33.46,5.41
148,isangel,13,VU,1578088923,61,-19.55,169.27,82.4,6.93
149,holme,33,DK,1578088923,80,56.11,10.17,41.0,18.34
150,nuuk,40,GL,1578088923,73,64.17,-51.74,23.0,10.29
151,gubkinskiy,100,RU,1578088923,93,64.43,76.5,7.02,21.92
152,campoverde,75,EC,1578088923,76,-0.91,-78.62,57.2,2.24
153,ribeira grande,75,PT,1578088923,93,38.52,-28.7,60.8,13.87
154,pevek,67,RU,1578088924,63,69.7,170.27,-0.49,8.57
155,novobirilyussy,97,RU,1578088924,90,56.95,90.69,22.59,9.78
156,vila velha,20,BR,1578088717,74,-3.71,-38.6,86.0,8.05
157,olinda,20,AU,1578088924,27,-37.84,145.39,79.0,17.22
158,diego de almagro,0,CL,1578088924,26,-26.39,-70.05,78.31,12.03
159,te anau,100,NZ,1578088924,69,-45.41,167.72,43.68,4.81
160,geraldton,90,CA,1578088924,78,49.72,-86.95,17.6,5.82
161,upernavik,100,GL,1578088924,99,72.79,-56.15,-7.73,14.83
162,manglaur,0,IN,1578088925,89,29.79,77.88,50.41,2.95
163,ust-maya,0,RU,1578088925,96,60.42,134.54,-32.75,2.42
164,puliyur,75,IN,1578088925,94,10.94,78.14,77.0,6.53
165,saint-augustin,90,CA,1578088925,80,45.63,-73.98,39.99,4.7
166,tashigang,100,CN,1578088925,96,29.3,88.13,7.07,5.35
167,eyl,93,SO,1578088925,81,7.98,49.82,78.17,18.57
168,saint-pierre,75,FR,1578088925,93,48.95,4.24,48.2,14.99
169,robertsonpet,75,IN,1578088925,100,12.96,78.27,68.0,9.17
170,vanderhoof,100,CA,1578088924,94,54.02,-124.02,27.5,9.22
171,aykhal,0,RU,1578088925,75,65.95,111.51,-16.6,2.24
172,eenhana,100,NA,1578088925,78,-17.48,16.34,75.2,2.24
173,bibiani,9,GH,1578088925,25,6.45,-2.31,72.16,2.91
174,ucluelet,90,CA,1578088665,100,48.94,-125.55,52.0,31.09
175,itarema,40,BR,1578088926,83,-2.92,-39.92,82.4,13.87
176,pangnirtung,90,CA,1578088926,77,66.15,-65.72,6.8,6.93
177,talcahuano,0,CL,1578088926,47,-36.72,-73.12,78.8,17.22
178,astana,90,KZ,1578088926,92,51.13,71.43,26.6,8.95
179,bethel,1,US,1578088843,75,60.79,-161.76,-13.0,16.11
180,hovd,90,NO,1578088926,70,63.83,10.7,42.01,42.5
181,ixtapa,75,MX,1578088976,53,20.71,-105.21,75.2,8.05
182,belyy yar,81,RU,1578088976,85,53.6,91.39,12.2,2.24
183,el sauzal,40,AR,1578088976,51,-24.3,-64.96,84.2,5.82
184,vao,100,EE,1578088976,76,59.1,26.19,38.37,9.35
185,buraydah,40,SA,1578088976,62,26.33,43.97,57.2,8.05
186,honiara,20,SB,1578088976,74,-9.43,159.96,82.4,4.7
187,bom jesus,97,BR,1578088976,88,-9.08,-44.36,77.13,1.32
188,touros,40,BR,1578088976,74,-5.2,-35.46,82.4,14.99
189,provideniya,0,RU,1578088976,70,64.42,-173.23,-13.32,9.57
190,grasse,100,FR,1578088977,93,43.66,6.92,51.01,3.36
191,san quintin,47,PH,1578088977,81,17.54,120.52,65.25,5.28
192,bambous virieux,75,MU,1578088977,94,-20.34,57.76,75.2,4.7
193,zharkent,100,KZ,1578088977,79,44.17,80.0,17.64,7.25
194,sabha,0,LY,1578088977,61,27.03,14.43,47.66,8.46
195,oussouye,96,SN,1578088977,78,12.49,-16.54,73.4,6.93
196,santiago,75,PH,1578088682,96,16.69,121.54,64.99,0.67
197,mahebourg,75,MU,1578088977,94,-20.41,57.7,75.2,4.7
198,sorland,75,NO,1578088977,100,67.67,12.69,30.2,13.87
199,margate,100,AU,1578088977,45,-43.03,147.26,73.0,9.17
200,cabo san lucas,5,MX,1578088977,60,22.89,-109.91,77.0,9.17
201,victoria,75,BN,1578088785,78,5.28,115.24,82.4,5.82
202,macas,40,EC,1578088977,73,-2.3,-78.12,71.6,8.05
203,kilrush,40,IE,1578088977,86,51.96,-8.06,45.0,8.05
204,jumla,97,NP,1578088978,86,29.28,82.18,20.98,4.41
205,talagang,0,PK,1578088978,78,32.92,72.41,44.91,1.52
206,kaitangata,99,NZ,1578088978,68,-46.28,169.85,49.89,36.62
207,senador guiomard,40,BR,1578088978,66,-10.15,-67.74,87.8,3.36
208,havoysund,20,NO,1578088978,80,71.0,24.66,32.0,12.75
209,lenoir city,90,US,1578088978,100,35.8,-84.26,57.2,5.82
210,bitung,40,ID,1578088978,100,1.44,125.19,73.4,1.25
211,cayenne,79,GF,1578088805,78,4.94,-52.33,80.6,6.93
212,flin flon,90,CA,1578088978,79,54.77,-101.88,19.4,3.36
213,bilibino,14,RU,1578088978,58,68.06,166.44,-4.77,2.19
214,chuy,0,UY,1578088978,67,-33.69,-53.46,71.96,13.53
215,savinka,100,RU,1578088978,78,50.08,47.1,30.04,10.13
216,alekseyevka,75,RU,1578088978,86,53.25,50.49,30.2,20.13
217,fort nelson,75,CA,1578088978,76,58.81,-122.69,-7.6,5.82
218,arbazh,100,RU,1578088979,89,57.68,48.31,31.8,17.49
219,tapes,10,BR,1578088979,73,-30.67,-51.4,72.14,12.03
220,abilene,1,US,1578088849,26,32.45,-99.73,57.99,14.99
221,broome,98,GB,1578088979,80,52.47,1.45,41.0,10.29
222,yulara,90,AU,1578088979,94,-25.24,130.99,73.4,6.93
223,saskylakh,92,RU,1578088979,96,71.97,114.09,-17.27,7.09
224,mattru,100,SL,1578088979,68,7.62,-11.83,73.22,3.29
225,wolsztyn,90,PL,1578088979,93,52.11,16.12,42.01,12.75
226,karratha,0,AU,1578088979,77,-20.74,116.85,83.46,12.46
227,lichtenburg,59,ZA,1578089029,45,-26.15,26.16,75.15,6.15
228,kaeo,80,NZ,1578089029,56,-35.1,173.78,69.01,11.99
229,dudinka,75,RU,1578089029,84,69.41,86.18,-2.2,13.42
230,boyolangu,5,ID,1578089029,91,-8.09,111.9,74.37,1.74
231,pitimbu,20,BR,1578089029,78,-7.47,-34.81,80.6,8.05
232,port elizabeth,90,US,1578089029,93,39.31,-74.98,52.0,4.68
233,bathsheba,40,BB,1578089029,65,13.22,-59.52,82.4,10.29
234,kingston,20,JM,1578089029,66,17.97,-76.79,86.0,19.46
235,krasnaya gora,73,RU,1578089030,80,53.01,31.6,30.2,11.18
236,turukhansk,100,RU,1578089030,97,65.8,87.96,-1.8,7.31
237,alofi,40,NU,1578089030,65,-19.06,-169.92,82.4,8.05
238,vardo,90,US,1578089030,93,39.62,-77.74,51.01,5.82
239,abu samrah,100,SY,1578089030,80,35.3,37.18,47.07,6.15
240,aswan,0,EG,1578089030,40,24.09,32.9,53.6,17.22
241,salalah,20,OM,1578089030,56,17.01,54.1,73.4,4.7
242,tabou,33,CI,1578089030,60,4.42,-7.36,74.16,4.0
243,saint-joseph,100,FR,1578089030,93,43.56,6.97,51.01,3.36
244,norman wells,75,CA,1578089030,75,65.28,-126.83,-13.0,10.29
245,dzhebariki-khaya,0,RU,1578089030,94,62.22,135.8,-33.12,0.72
246,hervey bay,40,AU,1578088850,73,-25.3,152.85,80.01,8.05
247,guamuchil,0,MX,1578089030,47,25.47,-108.1,75.99,3.0
248,thompson,90,CA,1578089030,92,55.74,-97.86,15.8,8.05
249,sawakin,100,SD,1578089030,87,19.1,37.33,76.42,18.07
250,todos santos,5,MX,1578089031,46,23.45,-110.23,77.0,13.87
251,rocha,13,UY,1578089031,54,-34.48,-54.34,73.15,13.62
252,snasa,75,NO,1578089031,74,64.25,12.38,37.4,23.04
253,talaya,75,RU,1578089031,92,55.79,84.89,28.99,8.95
254,maniitsoq,89,GL,1578089031,53,65.42,-52.9,24.22,1.88
255,kloulklubed,75,PW,1578089031,78,7.04,134.26,78.8,6.93
256,ormstown,90,CA,1578089031,80,45.13,-73.99,41.0,6.93
257,wanning,90,AT,1578089031,100,48.64,13.53,39.99,3.36
258,mwanza,40,TZ,1578089031,83,-2.52,32.9,71.6,3.04
259,jalu,0,LY,1578089031,59,29.03,21.55,49.05,9.86
260,bafoulabe,47,ML,1578089031,10,13.81,-10.83,72.3,10.6
261,marijampole,90,LT,1578088889,84,54.57,23.35,35.6,10.29
262,weymouth,90,US,1578089031,57,42.22,-70.94,48.2,5.82
263,ancud,75,CL,1578089031,59,-41.87,-73.83,66.2,12.75
264,glomfjord,90,NO,1578089031,94,66.82,13.94,35.01,2.24
265,inza,100,RU,1578089031,92,53.86,46.36,29.7,15.12
266,vilyuysk,99,RU,1578089032,97,63.75,121.63,-16.53,9.37
267,zhaoyuan,0,CN,1578089032,94,45.52,125.08,-0.2,2.59
268,berlevag,75,NO,1578089032,100,70.86,29.09,30.2,8.05
269,campbell river,90,CA,1578088971,93,50.02,-125.24,51.8,26.4
270,springdale,75,US,1578088827,87,36.19,-94.13,46.0,12.75
271,necochea,0,AR,1578088996,36,-38.55,-58.74,81.86,13.0
272,nicolas bravo,5,MX,1578089082,28,24.39,-104.74,57.2,10.29
273,avarua,0,CK,1578089082,69,-21.21,-159.78,80.6,12.75
274,nouadhibou,0,MR,1578089082,55,20.93,-17.03,64.4,6.93
275,hasaki,20,JP,1578089082,59,35.73,140.83,32.0,3.36
276,inverell,0,AU,1578089082,53,-29.78,151.11,82.99,1.99
277,nome,1,US,1578089082,41,30.04,-94.42,75.2,10.29
278,nantucket,90,US,1578088876,93,41.28,-70.1,46.4,10.29
279,durant,1,US,1578089082,29,33.99,-96.37,60.8,14.99
280,pec,75,DE,1578089082,86,49.4,12.83,42.01,16.11
281,esna,5,RO,1578089082,55,45.2,27.57,37.4,5.82
282,mayumba,100,GA,1578089083,87,-3.44,10.65,79.09,13.89
283,canberra,0,AU,1578088954,61,-35.3,149.1,82.99,1.12
284,xining,100,CN,1578088941,51,36.62,101.77,19.8,3.36
285,comodoro rivadavia,100,AR,1578088833,25,-45.87,-67.48,87.8,23.04
286,mount gambier,75,AU,1578089083,82,-37.83,140.78,62.6,14.99
287,vila franca do campo,75,PT,1578089083,82,37.72,-25.43,60.8,9.17
288,belmonte,4,PT,1578089083,78,40.36,-7.35,50.0,1.39
289,sinop,100,TR,1578089083,73,42.03,35.15,42.42,2.62
290,rio tuba,95,PH,1578089083,77,8.51,117.43,79.83,13.0
291,ipixuna,75,BR,1578089083,83,-1.76,-48.8,80.6,5.82
292,kem,6,UG,1578089083,49,2.68,33.77,76.32,7.29
293,ipubi,100,BR,1578089017,83,-7.65,-40.15,73.85,1.03
294,floriano,57,BR,1578089083,75,-6.77,-43.02,78.28,1.61
295,macin,0,RO,1578089083,80,45.24,28.14,30.2,2.24
296,gazojak,100,TM,1578089083,82,41.19,61.4,41.4,10.51
297,lebu,75,ET,1578089084,62,8.96,38.73,59.0,4.7
298,chapada dos guimaraes,20,BR,1578089084,62,-15.46,-55.75,86.0,6.93
299,fairbanks,40,US,1578089084,67,64.84,-147.72,-5.01,2.82
300,teya,20,MX,1578089084,49,21.05,-89.07,93.2,16.11
301,lumut,75,BN,1578089084,100,4.66,114.45,77.0,1.12
302,paamiut,100,GL,1578089084,59,61.99,-49.67,31.24,4.74
303,guerrero negro,0,MX,1578089084,28,27.97,-114.04,68.86,5.82
304,sitka,17,US,1578089084,36,37.17,-99.65,48.99,8.01
305,loudi,100,CN,1578089084,85,27.73,112.0,43.21,1.32
306,balikpapan,100,ID,1578089084,97,-1.24,116.86,72.64,2.28
307,rio grande,40,BR,1578088807,54,-32.03,-52.1,78.8,18.34
308,ambulu,21,ID,1578089084,75,-8.35,113.61,82.56,15.17
309,lundazi,100,ZM,1578089084,91,-12.29,33.17,68.23,4.88
310,ruteng,100,ID,1578089084,99,-8.61,120.46,70.0,2.48
311,trapani,75,IT,1578089084,58,38.02,12.54,59.0,4.7
312,mondeville,40,FR,1578089084,86,49.18,-0.32,46.4,6.93
313,cidreira,4,BR,1578089085,79,-30.17,-50.22,72.79,24.34
314,moron,5,HT,1578089085,75,18.56,-74.26,79.39,6.11
315,ho chi minh city,20,VN,1578089085,83,10.78,106.7,77.0,3.36
316,playa vicente,10,MX,1578089085,33,17.83,-95.81,91.99,5.01
317,posyet,100,RU,1578089135,67,42.65,130.8,26.74,25.93
318,kabare,100,RW,1578089135,85,-1.65,29.38,52.38,1.48
319,hofn,75,IS,1578089135,58,64.25,-15.21,30.29,15.84
320,ola,100,RU,1578089135,75,59.58,151.3,18.41,40.09
321,longyearbyen,6,NO,1578089135,77,78.22,15.63,-11.25,9.98
322,kurilsk,54,RU,1578089135,80,45.23,147.88,16.68,17.58
323,aranos,0,NA,1578089135,33,-24.14,19.11,86.04,8.97
324,tessalit,0,ML,1578089135,26,20.2,1.01,55.65,15.05
325,champerico,75,MX,1578089135,38,16.38,-93.6,87.8,9.17
326,marawi,21,PH,1578089135,82,8.0,124.29,70.0,7.0
327,graaff-reinet,53,ZA,1578089135,84,-32.25,24.53,70.0,5.99
328,vanimo,100,PG,1578089135,78,-2.67,141.3,82.49,16.69
329,constitucion,5,MX,1578089135,28,23.99,-104.67,57.2,10.29
330,ca mau,100,VN,1578089135,82,9.18,105.15,74.32,5.86
331,sarh,60,TD,1578089136,34,9.14,18.39,68.0,6.93
332,anton lizardo,75,MX,1578089136,74,19.05,-95.98,78.8,17.22
333,changqing,90,CN,1578089136,100,31.81,117.24,44.6,2.24
334,nelson bay,0,AU,1578089136,69,-32.72,152.14,82.0,6.93
335,derzhavinsk,81,KZ,1578089136,96,51.1,66.31,16.66,8.88
336,kruisfontein,22,ZA,1578089136,96,-34.0,24.73,64.89,3.4
337,chama,97,ZM,1578089136,85,-11.22,33.16,71.82,1.19
338,port hardy,90,CA,1578089136,93,50.7,-127.42,48.2,13.87
339,antalaha,100,MG,1578089136,85,-14.9,50.28,79.18,9.33
340,pushkinskiye gory,100,RU,1578089136,85,57.02,28.91,37.31,13.67
341,cururupu,97,BR,1578089136,83,-1.82,-44.87,78.93,3.83
342,pisco,20,PE,1578089136,30,-13.71,-76.2,72.0,19.46
343,nizhniy kuranakh,100,RU,1578089136,96,58.84,125.49,4.59,3.91
344,san vicente,75,EC,1578089136,74,-0.59,-80.41,84.2,11.41
345,montepulciano,80,IT,1578089136,93,43.09,11.78,50.0,3.36
346,oksbol,0,DK,1578089136,75,55.63,8.29,44.01,16.11
347,maceio,0,BR,1578088940,83,-9.67,-35.74,78.8,11.41
348,lopatino,100,RU,1578089137,92,53.85,39.47,30.65,14.99
349,yarmouth,90,CA,1578089137,93,43.84,-66.12,44.01,3.36
350,puerto el triunfo,75,SV,1578089137,62,13.27,-88.55,87.8,4.7
351,hit,0,IQ,1578089137,55,33.64,42.83,53.94,5.73
352,palu,94,ID,1578089137,96,-0.9,119.87,65.48,2.19
353,barth,75,DE,1578089137,93,54.37,12.73,41.0,11.41
354,lasa,40,CY,1578089137,81,34.92,32.53,50.0,9.17
355,polyarnyy,75,RU,1578089137,88,69.2,33.45,32.0,8.95
356,marmarion,20,GR,1578089137,56,38.05,24.32,48.2,6.93
357,tuktoyaktuk,75,CA,1578089137,75,69.44,-133.03,-18.4,16.11
358,pochutla,40,MX,1578089137,62,15.74,-96.47,86.0,11.41
359,awjilah,0,LY,1578089137,59,29.14,21.3,49.05,9.86
360,ladysmith,67,ZA,1578089137,88,-28.55,29.78,63.55,0.85
361,plettenberg bay,68,ZA,1578089137,93,-34.05,23.37,67.98,0.6
362,cabra,95,ES,1578089137,87,37.47,-4.43,46.0,1.12
363,cascais,0,PT,1578089048,76,38.7,-9.42,57.0,5.82
364,guasdualito,100,VE,1578089188,48,7.24,-70.73,87.57,7.43
365,pingliang,95,CN,1578089188,70,35.54,106.68,26.31,2.86
366,riyadh,0,SA,1578089188,33,24.63,46.72,71.6,8.05
367,broken hill,0,AU,1578089188,41,-31.97,141.45,75.2,16.11
368,uray,100,RU,1578089188,90,60.13,64.8,20.1,11.72
369,portland,90,US,1578088830,86,43.66,-70.25,44.6,5.82
370,luvianos,67,MX,1578089188,31,18.92,-100.4,84.2,3.33
371,tokur,0,RU,1578089188,91,53.13,132.9,-26.39,2.04
372,masvingo,0,ZW,1578089188,59,-20.08,30.83,71.76,7.14
373,kalabo,96,ZM,1578089188,67,-15.0,22.67,73.15,3.13
374,lompoc,1,US,1578089188,26,34.64,-120.46,73.4,13.87
375,jerez,100,ES,1578089188,87,36.68,-6.14,50.0,5.82
376,jinka,17,ET,1578089188,71,5.79,36.57,68.45,4.27
377,wajima,97,JP,1578089188,59,37.4,136.9,42.22,16.04
378,campobasso,0,IT,1578089155,86,41.56,14.66,46.0,5.39
379,port blair,20,IN,1578089188,78,11.67,92.75,80.6,4.7
380,morro bay,1,US,1578089189,55,35.37,-120.85,73.4,8.05
381,chambersburg,75,US,1578088901,93,39.94,-77.66,50.0,4.7
382,gamba,55,CN,1578089189,82,28.28,88.52,7.23,3.04
383,fort frances,90,CA,1578089189,79,48.61,-93.4,26.01,4.7
384,liverpool,40,GB,1578089050,87,53.41,-2.98,45.0,10.29
385,komsomolskiy,99,RU,1578089189,95,67.55,63.78,8.8,9.28
386,labuhan,98,ID,1578089189,97,-2.54,115.51,72.77,1.81
387,taywarah,40,AF,1578089189,95,33.35,64.42,16.81,2.06
388,hirara,20,JP,1578089189,82,24.8,125.28,60.8,4.7
389,mackenzie,90,CA,1578089189,85,55.34,-123.09,19.4,5.82
390,sarankhola,86,BD,1578089189,93,22.31,89.79,62.06,4.03
391,grindavik,58,IS,1578089189,73,63.84,-22.43,23.0,8.05
392,port lincoln,100,AU,1578089163,76,-34.72,135.86,62.82,14.16
393,hamilton,90,CA,1578089139,81,43.26,-79.87,46.4,5.82
394,tuatapere,100,NZ,1578089189,73,-46.13,167.69,50.0,18.01
395,saint-denis,75,FR,1578089190,87,48.94,2.36,48.99,10.29
396,mechanicsville,75,US,1578089102,100,37.62,-77.34,59.0,6.46
397,sarahan,95,IN,1578089190,65,31.51,77.79,10.94,7.87
398,pangody,100,RU,1578089190,94,65.85,74.49,7.2,14.45
399,marsh harbour,100,BS,1578089114,79,26.54,-77.06,76.48,11.45
400,carupano,27,VE,1578089190,72,10.67,-63.26,79.0,4.25
401,ambilobe,100,MG,1578089190,87,-13.19,49.05,78.48,3.62
402,oranjestad,20,AW,1578089190,62,12.52,-70.03,86.0,18.34
403,brigantine,90,US,1578089190,93,39.41,-74.36,55.0,3.36
404,batagay-alyta,79,RU,1578089190,99,67.8,130.41,-21.41,5.59
405,babai,90,UA,1578089190,86,49.9,36.2,30.2,4.47
406,chiredzi,0,ZW,1578089190,49,-21.05,31.67,78.12,4.85
407,dandong,0,CN,1578089190,76,40.12,124.37,20.93,5.73
408,kota belud,75,MY,1578088892,88,6.35,116.43,77.0,3.36
409,port macquarie,0,AU,1578088976,65,-31.43,152.91,81.0,1.12
410,upington,0,ZA,1578089241,13,-28.46,21.24,82.4,5.82
411,taoudenni,85,ML,1578089241,24,22.68,-3.98,58.84,12.62
412,leua,100,AO,1578089241,96,-11.65,20.45,66.27,5.17
413,klaksvik,30,FO,1578089241,63,62.23,-6.59,32.0,18.34
414,inhambane,6,MZ,1578089241,78,-23.87,35.38,79.12,12.12
415,ribas do rio pardo,39,BR,1578089241,60,-20.45,-53.76,84.54,7.07
416,kindu,100,CD,1578089241,98,-2.95,25.92,71.01,2.19
417,holoby,8,UA,1578089241,80,51.09,25.02,30.0,13.04
418,weligama,6,LK,1578089241,93,5.97,80.42,73.81,4.88
419,kutum,0,SD,1578089241,36,14.2,24.66,54.41,5.75
420,vostok,21,RU,1578089241,96,46.45,135.83,-15.99,5.1
421,danielskuil,47,ZA,1578089241,30,-28.19,23.54,77.14,2.71
422,oil city,90,US,1578089188,100,41.43,-79.71,48.99,0.81
423,bowen,40,AU,1578089241,73,-20.01,148.25,82.99,6.93
424,calvinia,0,ZA,1578089241,47,-31.47,19.78,65.35,6.62
425,nemuro,31,JP,1578089242,60,43.32,145.57,22.55,18.23
426,san roque,20,CO,1578089242,60,6.49,-75.02,80.6,9.17
427,sladkovo,46,RU,1578089242,93,55.53,70.34,5.18,12.71
428,baykit,100,RU,1578089242,96,61.68,96.39,14.04,3.29
429,santa maria,75,BR,1578088954,73,-16.02,-48.01,77.0,10.29
430,havelock,1,US,1578088943,93,34.88,-76.9,75.2,13.87
431,sundumbili,75,ZA,1578089242,83,-29.13,31.4,77.0,9.17
432,fortuna,20,US,1578089242,42,40.6,-124.16,62.6,17.22
433,kuusamo,68,FI,1578089242,68,65.96,29.19,26.6,13.87
434,naraina,40,IN,1578089242,87,26.78,75.2,53.6,2.24
435,alim,25,CF,1578089242,27,6.02,14.65,67.23,6.96
436,dolores,0,UY,1578089242,48,-33.53,-58.22,82.99,1.99
437,aksu,90,KZ,1578089242,79,52.04,76.93,23.0,4.47
438,shenzhen,85,CN,1578089122,82,22.54,114.05,66.0,8.05
439,gwanda,0,ZW,1578089242,39,-20.94,29.0,77.32,8.66
440,pansemal,7,IN,1578089242,42,21.66,74.7,63.37,4.5
441,estevan,75,CA,1578089242,73,49.14,-102.99,24.01,8.05
442,yumen,0,CN,1578089242,61,40.29,97.04,15.26,2.62
443,ostrovnoy,100,RU,1578089243,95,68.05,39.51,33.58,26.93
444,spencer,75,US,1578089243,95,42.24,-71.99,48.2,6.93
445,vestmanna,37,FO,1578089243,65,62.16,-7.17,32.0,18.34
446,manacapuru,40,BR,1578089243,52,-3.3,-60.62,91.4,4.7
447,lowestoft,92,GB,1578089243,80,52.48,1.75,42.01,11.41
448,zagan,90,PL,1578089243,100,51.62,15.31,45.0,10.29
449,vyartsilya,100,RU,1578089243,78,62.18,30.69,32.56,6.96
450,tabuk,44,PH,1578089243,87,17.41,121.44,67.93,4.07
451,ravar,52,IR,1578089243,44,31.27,56.81,47.66,2.75
452,lyskovo,100,RU,1578089243,91,56.03,45.04,32.13,16.15
453,quatre cocos,75,MU,1578089243,94,-20.21,57.76,77.0,4.7
454,arinos,100,BR,1578089243,89,-15.92,-46.11,77.0,3.04
455,sobolevo,95,RU,1578089293,87,54.43,31.9,28.51,10.94
456,laredo,1,US,1578089293,32,27.51,-99.51,69.8,23.04
457,san juan,0,AR,1578089293,22,-31.54,-68.53,97.09,5.1
458,tumut,0,AU,1578089293,30,-35.3,148.22,80.44,6.8
459,gualaco,73,HN,1578089293,55,15.03,-86.07,76.59,4.99
460,caraballeda,40,VE,1578089294,70,10.61,-66.85,84.2,6.93
461,caloundra,20,AU,1578089294,69,-26.8,153.14,81.0,11.41
462,ous,100,RU,1578089294,88,60.91,61.52,18.19,9.55
463,borkenes,75,NO,1578089294,92,68.77,16.17,30.99,3.36
464,sao joao da barra,75,BR,1578089294,78,-21.64,-41.05,80.6,13.87
465,nkhotakota,92,MW,1578089294,79,-12.93,34.3,79.48,10.47
466,empalme,5,MX,1578089294,56,27.96,-110.81,73.99,14.99
467,srikakulam,56,IN,1578089294,88,18.29,83.89,67.23,3.49
468,malindi,45,KE,1578089294,92,-3.22,40.12,76.46,6.96
469,nanchong,33,CN,1578089294,71,30.8,106.08,47.05,1.5
470,erenhot,0,CN,1578089294,76,43.65,111.97,13.82,2.71
471,porosozero,100,RU,1578089294,89,62.72,32.71,34.77,16.93
472,heilbron,35,ZA,1578089294,47,-27.29,27.97,69.01,1.88
473,gizo,75,IL,1578089294,50,31.8,34.94,53.6,13.87
474,weatherford,1,US,1578089154,33,32.76,-97.8,60.01,14.99
475,sivaki,0,RU,1578089294,96,52.63,126.75,-16.2,4.45
476,koumac,55,NC,1578089294,77,-20.56,164.28,73.6,4.85
477,panguipulli,20,CL,1578089121,57,-39.64,-72.33,81.0,12.75
478,carauari,80,BR,1578089295,54,-4.88,-66.9,89.11,1.77
479,arkhangelsk,90,RU,1578089295,100,64.54,40.54,35.6,11.18
480,aloleng,0,PH,1578089295,79,16.13,119.78,67.41,5.68
481,pumiao,100,CN,1578089295,77,22.75,108.49,68.0,4.47
482,horsham,0,AU,1578089295,55,-36.71,142.2,72.41,14.16
483,gaptsakh,98,AZ,1578089295,93,41.67,48.38,35.44,2.91
484,pedro juan caballero,75,PY,1578089295,61,-22.55,-55.74,82.4,9.17
485,sebastian,1,US,1578089168,65,27.82,-80.47,86.0,10.29
486,poum,0,MK,1578089295,43,41.28,20.71,33.37,1.36
487,yakeshi,0,CN,1578089295,100,49.28,120.73,-13.11,2.17
488,tynda,94,RU,1578089295,91,55.15,124.74,-12.1,1.86
489,port-gentil,40,GA,1578089295,94,-0.72,8.78,80.6,8.05
490,sinnamary,100,GF,1578089295,77,5.38,-52.96,80.15,10.8
491,aksarka,91,RU,1578089295,97,66.56,67.8,7.63,8.28
492,lieksa,100,FI,1578089295,74,63.32,30.02,30.47,11.61
493,villagarzon,86,CO,1578089295,59,1.04,-76.63,83.61,2.42
494,brewster,75,US,1578089295,93,41.76,-70.08,46.99,4.7
495,deputatskiy,13,RU,1578089296,98,69.3,139.9,-21.8,2.39
496,mwingi,59,KE,1578089296,88,-0.93,38.07,65.93,1.23
497,huilong,23,CN,1578089296,72,31.15,106.5,46.96,0.85
498,maltahohe,57,NA,1578089296,22,-24.83,16.98,80.4,13.71
499,batticaloa,7,LK,1578089346,95,7.71,81.69,73.02,2.21
500,mao,20,DO,1578089346,58,19.55,-71.08,82.4,9.17
501,san ramon,40,NI,1578089346,65,12.92,-85.84,77.0,5.91
502,sibu,75,MY,1578089346,94,2.29,111.83,75.2,2.24
503,camocim,40,BR,1578089094,83,-2.9,-40.84,82.4,13.87
504,bagotville,0,AU,1578089346,78,-28.98,153.42,75.2,6.93
505,kirakira,40,SB,1578089346,81,-10.46,161.92,79.74,8.34
506,puerto penasco,0,MX,1578089346,33,31.32,-113.53,66.99,1.99
507,truro,6,GB,1578089346,81,50.26,-5.05,46.0,10.29
508,meulaboh,50,ID,1578089346,82,4.14,96.13,79.93,7.36
509,balkanabat,63,TM,1578089346,77,39.51,54.36,37.56,1.14
510,vallenar,0,CL,1578089346,53,-28.58,-70.76,67.66,11.21
511,kumylzhenskaya,37,RU,1578089346,84,49.88,42.59,30.99,8.99
512,san cristobal,47,HN,1578089346,38,14.68,-86.92,84.87,6.06
513,klyuchi,59,RU,1578089347,96,52.25,79.17,15.39,6.64
514,anori,80,BR,1578089347,63,-3.74,-61.66,86.65,3.98
515,hualmay,80,PE,1578089347,59,-11.1,-77.61,77.27,10.96
516,daru,100,PG,1578089347,82,-9.07,143.21,75.58,1.36
517,ayagoz,100,KZ,1578089347,76,47.96,80.43,14.31,2.26
518,markova,0,RU,1578089347,92,52.21,104.21,10.4,2.24
519,sihora,0,IN,1578089347,93,23.49,80.11,54.19,4.23
520,henties bay,17,NA,1578089347,91,-22.12,14.28,61.0,1.99
521,cabedelo,20,BR,1578089347,78,-6.97,-34.84,80.6,8.05
522,lavrentiya,3,RU,1578089347,93,65.58,-170.99,-15.93,8.16
523,caravelas,100,BR,1578089347,88,-17.73,-39.27,77.67,16.26
524,lusambo,100,CD,1578089347,97,-4.97,23.44,69.04,1.16
525,rakke,100,EE,1578089347,76,58.99,26.24,38.37,9.35
526,rantauprapat,71,ID,1578089347,97,2.1,99.83,71.62,1.05
527,khandyga,0,RU,1578089348,95,62.65,135.58,-33.12,0.72
528,doba,0,ET,1578089348,61,9.29,41.09,71.17,6.4
529,okhotsk,100,RU,1578089348,74,59.36,143.24,12.09,19.39
530,monrovia,20,LR,1578089348,88,6.33,-10.8,71.6,8.03
531,grootfontein,100,NA,1578089348,65,-19.56,18.1,70.86,7.16
532,porto novo,40,BR,1578089348,60,-23.68,-45.44,75.2,9.17
533,svobodnyy,95,RU,1578089348,91,53.85,40.53,31.55,14.85
534,katsuura,20,JP,1578089348,75,33.93,134.5,46.99,10.29
535,arman,100,RU,1578089348,72,59.7,150.17,22.51,33.42
536,havre-saint-pierre,1,CA,1578089348,85,50.23,-63.6,17.6,3.36
537,puksoozero,100,RU,1578089348,97,62.59,40.61,34.52,15.32
538,avera,75,US,1578089348,88,33.19,-82.53,80.6,6.93
539,zhireken,9,RU,1578089348,89,52.82,117.29,-8.55,5.28
540,grand gaube,75,MU,1578089348,94,-20.01,57.66,77.0,4.7
541,phuket,20,TH,1578089225,88,7.89,98.4,75.2,10.89
542,dali,67,CN,1578089349,65,34.79,109.94,35.65,2.73
543,skibbereen,75,IE,1578089349,86,51.55,-9.27,41.0,10.29
544,kandi,0,BJ,1578089349,19,11.13,2.93,66.27,6.4
545,mae chan,96,TH,1578089349,100,20.15,99.85,64.4,2.24
546,half moon bay,1,US,1578089399,72,37.46,-122.43,66.0,6.93
547,maldonado,20,UY,1578089399,50,-34.91,-54.96,77.0,19.46
548,bonao,20,DO,1578089399,58,18.94,-70.41,82.4,9.17
549,san francisco,40,CO,1578089211,83,1.17,-76.88,69.8,8.05
550,luanda,75,AO,1578089399,78,-8.83,13.24,82.4,5.82
551,levelland,20,US,1578089399,32,33.59,-102.38,52.0,9.17
